                  epoch,         train/box_loss,         train/cls_loss,         train/dfl_loss,   metrics/precision(B),      metrics/recall(B),       metrics/mAP50(B),    metrics/mAP50-95(B),           val/box_loss,           val/cls_loss,           val/dfl_loss,                 lr/pg0,                 lr/pg1,                 lr/pg2
                      1,                0.58791,                 1.4434,                 1.0047,                0.98174,                0.86722,                0.95544,                0.83731,                0.60648,                0.91424,                 1.0833,              0.0005527,              0.0005527,              0.0005527
                      2,                0.63297,                0.91482,                 1.0655,                0.96953,                0.97826,                0.99457,                0.87988,                0.50482,                0.87465,                  1.017,             0.00088891,             0.00088891,             0.00088891
                      3,                0.59433,                0.68924,                      1,                0.94685,                0.99024,                0.99402,                0.88575,                0.55367,                 1.1102,                 1.0525,              0.0010051,              0.0010051,              0.0010051
                      4,                0.59364,                0.62399,                 1.0224,                0.99575,                0.97297,                0.97415,                0.88261,                0.48858,                 0.4272,                0.97873,              0.0006768,              0.0006768,              0.0006768
                      5,                0.58298,                0.51634,                0.98605,                0.98114,                0.90436,                0.95807,                0.85557,                0.50991,                0.50687,                0.98491,              0.0006768,              0.0006768,              0.0006768
